,Actions0,Actions1,Actions2,Actions3,Actions4,Actions5
0,1,2,2,2,2,2
1,1,2,2,2,2,2
2,1,2,2,2,2,2
3,1,2,2,2,2,2
4,1,2,2,2,2,2
5,1,2,2,2,2,2
6,1,2,2,2,2,2
7,1,2,2,2,2,2
8,1,2,2,2,2,2
9,1,2,2,2,2,2
10,1,2,2,2,2,2
11,1,2,2,2,2,2
12,1,2,2,2,2,2
13,1,2,2,2,2,2
14,1,2,2,2,2,2
15,1,2,2,2,2,2
16,1,2,2,2,2,2
17,1,2,2,2,2,2
18,1,2,2,2,2,2
19,1,2,2,2,2,2
20,1,2,2,2,2,2
21,1,2,2,2,2,2
22,1,2,2,2,2,2
23,1,2,2,2,2,2
24,1,2,2,2,2,2
25,1,2,2,2,2,2
26,1,2,2,2,2,2
27,1,2,2,2,2,2
28,1,2,2,2,2,2
29,1,2,2,2,2,2
30,1,2,2,2,2,2
31,1,2,2,2,2,2
32,1,2,2,2,2,2
33,1,2,2,2,2,2
34,1,2,2,2,2,2
35,1,2,2,2,2,2
36,1,2,2,2,2,2
37,1,2,2,2,2,2
38,1,2,2,2,2,2
39,1,2,2,2,2,2
40,1,2,2,2,2,2
41,1,2,2,2,2,2
42,1,2,2,2,2,2
43,1,2,2,2,2,2
44,1,2,2,2,2,2
45,1,2,2,2,2,2
46,1,2,2,2,2,2
47,1,2,2,2,2,2
48,1,2,2,2,2,2
49,1,2,2,2,2,2
50,1,2,2,2,2,2
51,1,2,2,2,2,2
52,1,2,2,2,2,2
53,1,2,2,2,2,2
54,1,2,2,2,2,2
55,1,2,2,2,2,2
56,1,2,2,2,2,2
57,1,2,2,2,2,2
58,1,2,2,2,2,2
59,1,2,2,2,2,2
60,1,2,2,2,2,2
61,1,2,2,2,2,2
62,1,2,2,2,2,2
63,1,2,2,2,2,2
64,1,2,2,2,2,2
65,1,2,2,2,2,2
66,1,2,2,2,2,2
67,1,2,2,2,2,2
68,2,1,2,0,0,0
69,1,2,2,2,2,2
70,1,2,2,2,2,2
71,1,2,2,2,2,2
72,1,2,2,2,2,2
73,1,2,2,2,2,2
74,1,2,2,2,2,2
75,1,2,2,2,2,2
76,1,2,2,2,2,2
77,1,2,2,2,2,2
78,1,2,2,2,2,2
79,1,2,2,2,2,2
80,1,2,2,2,2,2
81,1,2,2,2,2,2
82,1,2,2,2,2,2
83,1,2,2,2,2,2
84,1,2,2,2,2,2
85,1,2,2,2,2,2
86,1,2,2,2,2,2
87,1,2,2,2,2,2
88,1,2,2,2,2,2
89,1,2,2,2,2,2
90,1,2,2,2,2,2
91,1,2,2,2,2,2
92,1,2,2,2,2,2
93,1,2,2,2,2,2
94,1,2,2,2,2,2
95,1,2,2,2,2,2
96,1,2,2,2,2,2
97,1,2,2,2,2,2
98,1,2,2,2,2,2
99,1,2,2,2,2,2
100,1,2,2,2,2,2
101,1,2,2,2,2,2
102,1,2,2,2,2,2
103,1,2,2,2,2,2
104,1,2,2,2,2,2
105,1,2,2,2,2,2
106,1,2,2,2,2,2
107,1,2,2,2,2,2
108,1,2,2,2,2,2
109,1,2,2,2,2,2
110,1,2,2,2,2,2
111,1,2,2,2,2,2
112,1,2,2,2,2,2
113,1,2,2,2,2,2
114,1,2,2,2,2,2
115,1,2,2,2,2,2
116,1,2,2,2,2,2
117,1,2,2,2,2,2
118,1,2,2,2,2,2
119,1,2,2,2,2,2
120,1,2,2,2,2,2
121,1,2,2,2,2,2
122,1,2,2,2,2,2
123,1,2,2,2,2,2
124,1,2,2,2,2,2
125,1,2,2,2,2,2
126,1,2,2,2,2,2
127,1,2,2,2,2,2
128,1,2,2,2,2,2
129,1,2,2,2,2,2
130,1,2,2,2,2,2
131,1,2,2,2,2,2
132,1,2,2,2,2,2
133,1,2,2,2,2,2
134,1,2,2,2,2,2
135,1,2,2,2,2,2
136,1,2,2,2,2,2
137,1,2,2,2,2,2
138,1,2,2,2,2,2
139,1,2,2,2,2,2
140,1,2,2,2,2,2
141,1,2,2,2,2,2
142,1,2,2,2,2,2
143,1,2,2,2,2,2
144,1,2,2,2,2,2
145,1,2,2,2,2,2
146,1,2,2,2,2,2
147,1,2,2,2,2,2
148,1,2,2,2,2,2
149,1,2,2,2,2,2
150,1,2,2,2,2,2
151,1,2,2,2,2,2
152,1,2,2,2,2,2
153,1,2,2,2,2,2
154,1,2,2,2,2,2
155,1,2,2,2,2,2
156,1,2,2,2,2,2
157,1,2,2,2,2,2
158,1,2,2,2,2,2
159,1,2,2,2,2,2
160,1,2,2,2,2,2
161,1,2,2,2,2,2
162,1,2,2,2,2,2
163,1,2,2,2,2,2
164,1,2,2,2,2,2
165,1,2,2,2,2,2
166,1,2,2,2,2,2
167,1,2,2,2,2,2
168,1,2,2,2,2,2
169,1,2,2,2,2,2
170,1,2,2,2,2,2
171,1,2,2,2,2,2
172,1,2,2,2,2,2
173,1,2,2,2,2,2
174,1,2,2,2,2,2
175,1,2,2,2,2,2
176,1,2,2,2,2,2
177,1,2,2,2,2,2
178,1,2,2,2,2,2
179,1,2,2,2,2,2
180,1,2,2,2,2,2
181,1,2,2,2,2,2
182,1,2,2,2,2,2
183,1,2,2,2,2,2
184,1,2,2,2,2,2
185,1,2,2,2,2,2
186,1,2,2,2,2,2
187,1,2,2,2,2,2
188,1,2,2,2,2,2
189,1,2,2,2,2,2
190,1,2,2,2,2,2
191,1,2,2,2,2,2
192,1,2,2,2,2,2
193,1,2,2,2,2,2
194,1,2,2,2,2,2
195,1,2,2,2,2,2
196,1,2,2,2,2,2
197,1,2,2,2,2,2
198,1,2,2,2,2,2
199,1,2,2,2,2,2
200,1,2,2,2,2,2
201,1,2,2,2,2,2
202,0,1,1,1,1,0
203,1,2,2,2,2,2
204,1,2,2,2,2,2
205,1,2,2,2,2,2
206,1,2,2,2,2,2
207,1,2,2,2,2,2
208,1,2,2,2,2,2
209,1,2,2,2,2,2
210,1,2,2,2,2,2
211,1,2,2,2,2,2
212,1,2,2,2,2,2
213,1,2,2,2,2,2
214,1,2,2,2,2,2
215,1,2,2,2,2,2
216,1,2,2,2,2,2
217,1,2,2,2,2,2
218,1,2,2,2,2,2
219,1,2,2,2,2,2
220,1,2,2,2,2,2
221,1,2,2,2,2,2
222,1,2,2,2,2,2
223,1,2,2,2,2,2
224,1,2,2,2,2,2
225,1,2,2,2,2,2
226,1,2,2,2,2,2
227,1,2,2,2,2,2
228,1,2,2,2,2,2
229,1,2,2,2,2,2
230,1,2,2,2,2,2
231,1,2,2,2,2,2
232,0,2,1,1,1,0
233,1,2,2,2,2,2
234,0,1,2,1,0,0
235,1,2,2,2,2,2
236,1,2,2,2,2,2
237,1,2,2,2,2,2
238,1,2,2,2,2,2
239,1,2,2,2,2,2
240,1,2,2,2,2,2
241,1,2,2,2,2,2
242,1,2,2,2,2,2
243,1,2,2,2,2,2
244,1,2,2,2,2,2
245,1,2,2,2,2,2
246,1,2,2,2,2,2
247,1,2,2,2,2,2
248,2,2,2,1,2,2
249,1,2,2,2,2,2
250,1,2,2,2,2,2
251,1,2,2,2,2,2
252,1,2,2,2,2,2
253,1,2,2,2,2,2
254,1,2,2,2,2,2
255,1,2,2,2,2,2
256,1,2,2,2,2,2
257,1,2,2,2,2,2
258,1,2,2,2,2,2
259,2,1,2,0,0,0
260,1,2,2,2,2,2
261,1,2,0,2,2,1
262,2,1,2,0,0,0
263,1,2,2,2,2,2
264,1,2,2,2,2,2
265,1,2,2,2,2,2
266,1,2,2,2,2,2
267,1,2,2,2,2,2
268,1,2,2,2,2,2
269,1,2,2,2,2,2
270,1,2,2,2,2,2
271,1,2,2,2,2,2
272,1,2,2,2,2,2
273,1,2,2,2,2,2
274,1,2,2,2,2,2
275,1,2,2,2,2,2
276,1,2,2,2,2,2
277,1,2,2,2,2,2
278,1,2,2,2,2,2
279,1,2,2,2,2,2
280,1,2,2,2,2,2
281,1,2,2,2,2,2
282,1,2,2,2,2,2
283,2,1,2,0,1,2
284,2,1,2,0,1,2
285,1,2,2,2,2,2
286,1,2,2,2,2,2
287,1,2,2,2,2,2
288,1,2,2,2,2,2
289,1,2,2,2,2,2
290,1,2,2,2,2,2
291,1,2,2,2,2,2
292,1,2,2,2,2,2
293,1,2,2,2,2,2
294,1,2,2,2,2,2
295,1,2,2,2,2,2
296,1,2,2,2,2,2
297,1,2,2,2,2,2
298,1,2,2,1,1,1
299,1,2,2,2,2,2
300,1,2,2,2,2,2
301,1,2,2,2,2,2
302,1,2,2,2,2,2
303,0,0,2,2,2,2
304,1,2,1,2,0,2
305,1,2,1,2,0,2
306,1,2,1,2,0,2
307,1,2,1,2,0,2
308,1,2,1,2,0,2
309,1,2,1,2,0,2
310,1,2,1,2,0,2
311,1,2,1,2,0,2
312,1,2,1,2,0,2
313,1,2,1,2,0,2
314,1,2,1,2,0,2
315,1,2,1,2,0,2
316,1,2,1,2,0,2
317,1,2,1,2,0,2
318,1,2,1,2,0,2
319,1,2,1,2,0,2
320,1,2,1,2,0,2
321,1,2,1,2,0,2
322,1,2,1,2,0,2
323,1,2,1,2,0,2
324,1,2,1,2,0,2
325,1,2,1,2,0,2
326,1,2,1,2,0,2
327,1,2,1,2,0,2
328,1,2,1,2,0,2
329,1,2,1,2,0,2
330,1,2,1,2,0,2
331,1,2,1,2,0,2
332,1,2,1,2,0,2
333,1,2,1,2,0,2
334,1,2,1,2,0,2
335,1,2,1,2,0,2
336,1,2,1,2,0,2
337,1,2,1,2,0,2
338,1,2,1,2,0,2
339,1,2,1,2,0,2
340,1,2,1,2,0,2
341,1,2,1,2,0,2
342,1,2,1,2,0,2
343,1,2,2,2,2,2
344,1,2,2,2,2,2
345,1,2,2,2,2,2
346,1,2,2,2,2,2
347,1,2,2,2,2,2
348,1,2,2,2,2,2
349,1,2,2,2,2,2
350,1,2,2,2,2,2
351,1,2,2,2,2,2
352,1,2,2,2,2,2
353,1,2,2,2,2,2
354,1,2,2,2,2,2
355,1,2,2,2,2,2
356,1,2,2,2,2,2
357,1,2,2,2,2,2
358,1,2,2,2,2,2
359,1,2,2,2,2,2
360,1,2,2,2,2,2
361,1,2,2,2,2,2
362,1,2,2,2,2,2
363,1,2,2,2,2,2
364,1,2,2,2,2,2
365,1,2,2,2,2,2
366,1,2,2,2,2,2
367,1,2,2,2,2,2
368,1,2,2,2,2,2
369,1,2,2,2,2,2
370,1,2,2,2,2,2
371,1,2,2,2,2,2
372,1,2,2,2,2,2
373,1,2,2,2,2,2
374,1,2,2,2,2,2
375,1,2,2,2,2,2
376,1,2,2,2,2,2
377,1,2,2,2,2,2
378,1,2,2,2,2,2
379,1,2,2,2,2,2
380,1,2,2,2,2,2
381,1,2,2,2,2,2
382,1,2,2,2,2,2
383,1,2,2,2,2,2
384,1,2,2,2,2,2
385,1,2,2,2,2,2
386,1,2,2,2,2,2
387,1,2,2,2,2,2
388,1,2,2,2,2,2
389,1,2,2,2,2,2
390,1,2,2,2,2,2
391,1,2,2,2,2,2
392,1,2,2,2,2,2
393,1,2,2,2,2,2
394,1,2,2,2,2,2
395,1,2,2,2,2,2
396,1,2,2,2,2,2
397,1,2,2,2,2,2
398,1,2,2,2,2,2
399,1,2,2,2,2,2
400,1,2,2,2,2,2
401,1,2,2,2,2,2
402,1,2,2,2,2,2
403,1,2,2,2,2,2
404,1,2,2,2,2,2
405,1,2,2,2,2,2
406,1,2,2,2,2,2
407,1,2,2,2,2,2
408,1,2,2,2,2,2
409,1,2,2,2,2,2
410,1,2,2,2,2,2
411,1,2,2,2,2,2
412,1,2,2,2,2,2
413,1,2,2,2,2,2
414,1,2,2,2,2,2
415,2,0,0,0,2,0
416,1,2,2,2,2,2
417,1,2,2,2,2,2
418,1,2,2,2,2,2
419,1,2,2,2,2,2
420,1,2,2,2,2,2
421,1,2,2,2,2,2
422,1,2,2,2,2,2
423,1,2,2,2,2,2
424,1,2,2,2,2,2
425,1,2,2,2,2,2
426,1,2,2,2,2,2
427,1,2,2,2,2,2
428,1,2,2,2,2,2
429,1,2,2,2,2,2
430,1,2,2,2,2,2
431,1,2,2,2,2,2
432,1,2,2,2,2,2
433,1,2,2,2,2,2
434,1,2,2,2,2,2
435,1,2,2,2,2,2
436,1,2,2,2,2,2
437,1,2,2,2,2,2
438,1,2,2,2,2,2
439,1,2,2,2,2,2
440,1,2,2,2,2,2
441,1,2,2,2,2,2
442,1,2,2,2,2,2
443,1,2,2,2,2,2
444,1,2,2,2,2,2
445,1,2,2,2,2,2
446,1,2,2,2,2,2
447,1,2,2,2,2,2
448,1,2,2,2,2,2
449,1,2,2,2,2,2
450,1,2,2,2,2,2
451,1,2,2,2,2,2
452,1,2,2,2,2,2
453,1,2,2,2,2,2
454,1,2,2,2,2,2
455,1,2,2,2,2,2
456,1,2,2,2,2,2
457,1,2,2,2,2,2
458,1,2,2,2,2,2
459,1,2,2,2,2,2
460,1,2,2,2,2,2
461,1,2,2,2,2,2
462,1,2,2,2,2,2
463,1,2,2,2,2,2
464,1,2,2,2,2,2
465,1,2,2,2,2,2
466,1,2,2,2,2,2
467,1,2,2,2,2,2
468,1,2,2,2,2,2
469,1,2,2,2,2,2
470,1,2,2,2,2,2
471,1,2,2,2,2,2
472,1,2,2,2,2,2
473,1,2,2,2,2,2
474,1,2,2,2,2,2
475,1,2,2,2,2,2
476,1,2,2,2,2,2
477,1,2,2,2,2,2
478,1,2,2,2,2,2
479,1,2,2,2,2,2
480,1,2,2,2,2,2
481,1,2,2,2,2,2
482,1,2,2,2,2,2
483,1,2,2,2,2,2
484,1,2,2,2,2,2
485,1,2,2,2,2,2
486,1,2,2,2,2,2
487,1,2,2,2,2,2
488,1,2,2,2,2,2
489,1,2,2,2,2,2
490,1,2,2,2,2,2
491,1,2,2,2,2,2
492,1,2,2,2,2,2
493,1,2,2,2,2,2
494,1,2,2,2,2,2
495,1,2,2,2,2,2
496,1,2,2,2,2,2
497,1,2,2,2,2,2
498,1,2,2,2,2,2
499,1,2,2,2,2,2
500,1,2,2,2,2,2
501,1,2,2,2,2,2
502,1,2,2,2,2,2
503,1,2,2,2,2,2
504,1,2,2,2,2,2
505,1,2,2,2,2,2
506,1,2,2,2,2,2
507,1,2,2,2,2,2
508,1,2,2,2,2,2
509,1,2,2,2,2,2
510,1,2,2,2,2,2
511,1,2,2,2,2,2
512,1,2,2,2,2,2
513,1,2,2,2,2,2
514,1,2,2,2,2,2
515,1,2,2,2,2,2
516,1,2,2,2,2,2
517,1,2,2,2,2,2
518,1,2,2,2,2,2
519,1,2,2,2,2,2
520,1,2,2,2,2,2
521,1,2,2,2,2,2
522,1,2,2,2,2,2
523,1,2,2,2,2,2
524,1,2,2,2,2,2
525,1,2,2,2,2,2
526,1,2,2,2,2,2
527,1,2,2,2,2,2
528,1,2,2,2,2,2
529,1,2,2,2,2,2
530,1,2,2,2,2,2
531,1,2,2,2,2,2
532,1,2,2,2,2,2
533,1,2,2,2,2,2
534,1,2,2,2,2,2
535,1,2,2,2,2,2
536,1,2,2,2,2,2
537,1,2,2,2,2,2
538,1,2,2,2,2,2
539,1,2,2,2,2,2
540,1,2,2,2,2,2
541,1,2,2,2,2,2
542,1,2,2,2,2,2
543,1,2,2,2,2,2
544,1,2,2,2,2,2
545,1,2,2,2,2,2
546,1,2,2,2,2,2
547,1,2,2,2,2,2
548,1,2,2,2,2,2
549,1,2,2,2,2,2
550,1,2,2,2,2,2
551,1,2,2,2,2,2
552,1,2,2,2,2,2
553,1,2,2,2,2,2
554,1,2,2,2,2,2
555,1,2,2,2,2,2
556,1,2,2,2,2,2
557,1,2,2,2,2,2
558,1,2,2,2,2,2
559,1,2,2,2,2,2
560,1,2,2,2,2,2
561,1,2,2,2,2,2
562,1,2,2,2,2,2
563,1,2,2,2,2,2
564,1,2,2,2,2,2
565,1,2,2,2,2,2
566,1,2,2,2,2,2
567,1,2,2,2,2,2
568,1,2,2,2,2,2
569,1,2,2,2,2,2
570,1,2,2,2,2,2
571,1,2,2,2,2,2
572,1,2,2,2,2,2
573,1,2,2,2,2,2
574,1,2,2,2,2,2
575,1,2,2,2,2,2
576,1,2,2,2,2,2
577,1,2,2,2,2,2
578,1,2,2,2,2,2
579,1,2,2,2,2,2
580,1,2,2,2,2,2
581,1,2,2,2,2,2
582,1,2,2,2,2,2
583,1,2,2,2,2,2
584,1,2,2,2,2,2
585,1,2,2,2,2,2
586,1,2,2,2,2,2
587,1,2,2,2,2,2
588,1,2,2,2,2,2
589,1,2,2,2,2,2
590,1,2,2,2,2,2
591,1,2,2,2,2,2
592,1,2,2,2,2,2
593,1,2,2,2,2,2
594,1,2,2,2,2,2
595,1,2,2,2,2,2
596,1,2,2,2,2,2
597,1,2,2,2,2,2
598,1,2,2,2,2,2
599,1,2,2,2,2,2
600,1,2,2,2,2,2
601,1,2,2,2,2,2
602,1,2,2,2,2,2
603,1,2,2,2,2,2
604,1,2,2,2,2,2
605,1,2,2,2,2,2
606,1,2,2,2,2,2
607,1,2,2,2,2,2
608,1,2,2,2,2,2
609,1,2,2,2,2,2
610,1,2,2,2,2,2
611,1,2,2,2,2,2
612,1,2,2,2,2,2
613,1,2,2,2,2,2
614,1,2,2,2,2,2
615,1,2,2,2,2,2
616,1,2,2,2,2,2
617,1,2,2,2,2,2
618,1,2,2,2,2,2
619,1,2,2,2,2,2
620,1,2,2,2,2,2
621,1,2,2,2,2,2
622,1,2,2,2,2,2
623,1,2,2,2,2,2
624,1,2,2,2,2,2
625,1,2,2,2,2,2
626,1,2,2,2,2,2
627,1,2,2,2,2,2
628,1,2,2,2,2,2
629,1,2,2,2,2,2
630,1,2,2,2,2,2
631,1,2,2,2,2,2
632,1,2,2,2,2,2
633,1,2,2,2,2,2
634,1,2,2,2,2,2
635,1,2,2,2,2,2
636,1,2,2,2,2,2
637,1,2,2,2,2,2
638,1,2,2,2,2,2
639,1,2,2,2,2,2
640,1,2,2,2,2,2
641,1,2,2,2,2,2
642,1,2,2,2,2,2
643,1,2,2,2,2,2
644,1,2,2,2,2,2
645,1,2,2,2,2,2
646,1,2,2,2,2,2
647,1,2,2,2,2,2
648,1,2,2,2,2,2
649,1,2,2,2,2,2
650,1,2,2,2,2,2
651,1,2,2,2,2,2
652,1,2,2,2,2,2
653,1,2,2,2,2,2
654,1,2,2,2,2,2
655,1,2,2,2,2,2
656,1,2,2,2,2,2
657,1,2,2,2,2,2
658,1,2,2,2,2,2
659,1,2,2,2,2,2
660,1,2,2,2,2,2
661,1,2,2,2,2,2
662,1,2,2,2,2,2
663,1,2,2,2,2,2
664,1,2,2,2,2,2
665,1,2,2,2,2,2
666,1,2,2,2,2,2
667,1,2,2,2,2,2
668,1,2,2,2,2,2
669,1,2,2,2,2,2
670,1,2,2,2,2,2
671,1,2,2,2,2,2
672,1,2,2,2,2,2
673,0,2,1,1,2,0
674,0,2,2,2,2,0
675,0,2,2,2,2,0
676,0,2,2,2,2,0
677,0,2,2,2,2,0
678,0,2,2,2,2,0
679,0,2,2,2,2,0
680,0,2,2,2,2,0
681,0,2,2,2,2,0
682,0,2,2,2,2,0
683,0,2,2,2,2,0
684,0,2,2,2,2,0
685,0,2,2,2,2,0
686,0,2,2,2,2,0
687,0,2,2,2,2,0
688,0,2,2,2,2,0
689,0,2,2,2,2,0
690,0,2,2,2,2,0
691,0,2,2,2,2,0
692,0,2,2,2,2,0
693,0,2,2,2,2,0
694,0,2,2,2,2,0
695,0,2,2,2,2,0
696,0,2,2,2,2,0
697,0,2,2,2,2,0
698,0,2,2,2,2,0
699,0,2,2,2,2,0
700,0,2,2,2,2,0
701,0,2,2,2,2,0
702,0,2,2,2,2,0
703,0,2,2,2,2,0
704,0,2,2,2,2,0
705,0,2,2,2,2,0
706,0,2,2,2,2,0
707,0,2,2,2,2,0
708,0,2,2,2,2,0
709,0,2,2,2,2,0
710,0,2,2,2,2,0
711,0,2,2,2,2,0
712,0,2,2,2,2,0
713,0,2,2,2,2,0
714,0,2,2,2,2,0
715,0,2,2,2,2,0
716,0,2,2,2,2,0
717,0,2,2,2,2,0
718,0,2,2,2,2,0
719,0,2,2,2,2,0
720,0,2,2,2,2,0
721,0,2,2,2,2,0
722,0,2,2,2,2,0
723,0,2,2,2,2,0
724,0,2,2,2,2,0
725,0,2,2,2,2,0
726,0,2,2,2,2,0
727,0,2,2,2,2,0
728,2,2,2,0,1,0
729,0,2,2,2,2,0
730,0,2,2,2,2,0
731,0,2,2,2,2,0
732,0,2,2,2,2,0
733,0,2,2,2,2,0
734,0,2,2,2,2,0
735,0,2,2,2,2,0
736,0,2,2,2,2,0
737,0,2,2,2,2,0
738,0,2,2,2,2,0
739,0,2,2,2,2,0
740,0,2,2,2,2,0
741,0,2,2,2,2,0
742,0,2,2,2,2,0
743,0,2,2,2,2,0
744,0,2,2,2,2,0
745,0,2,2,2,2,0
746,0,2,2,2,2,0
747,0,2,2,2,2,0
748,0,2,2,2,2,0
749,0,2,2,2,2,0
750,0,2,2,2,2,0
751,0,2,2,2,2,0
752,0,2,2,2,2,0
753,0,2,2,2,2,0
754,0,2,2,2,2,0
755,0,2,2,2,2,0
756,0,2,2,2,2,0
757,0,2,2,2,2,0
758,0,2,2,2,2,0
759,0,2,2,2,2,0
760,0,2,2,2,2,0
761,0,2,2,2,2,0
762,0,2,2,2,2,0
763,0,2,2,2,2,0
764,0,2,2,2,2,0
765,0,2,2,2,2,0
766,0,2,2,2,2,0
767,0,2,2,2,2,0
768,0,2,2,2,2,0
769,0,2,2,2,2,0
770,0,2,2,2,2,0
771,0,2,2,2,2,0
772,0,2,2,2,2,0
773,0,2,2,2,2,0
774,0,2,2,2,2,0
775,0,2,2,2,2,0
776,0,2,2,2,2,0
777,0,2,2,2,2,0
778,0,2,2,2,2,0
779,0,2,2,2,2,0
780,0,2,2,2,2,0
781,0,2,2,2,2,0
782,0,2,2,2,2,0
783,0,2,2,2,2,0
784,0,2,2,2,2,0
785,0,2,2,2,2,0
786,0,2,2,2,2,0
787,0,2,2,2,2,0
788,0,2,2,2,2,0
789,0,2,2,2,2,0
790,0,2,2,2,2,0
791,0,2,2,2,2,0
792,0,2,2,2,2,0
793,0,2,2,2,2,0
794,0,2,2,2,2,0
795,0,2,2,2,2,0
796,0,2,2,2,2,0
797,0,2,2,2,2,0
798,0,2,2,2,2,0
799,0,2,2,2,2,0
800,0,2,2,2,2,0
801,0,2,2,2,2,0
802,0,2,2,2,2,0
803,0,2,2,2,2,0
804,0,2,2,2,2,0
805,0,2,2,2,2,0
806,0,2,2,2,2,0
807,0,2,2,2,2,0
808,0,2,2,2,2,0
809,0,2,2,2,2,0
810,0,2,2,2,2,0
811,0,2,2,2,2,0
812,0,2,2,2,2,0
813,0,2,2,2,2,0
814,0,2,2,2,2,0
815,0,2,2,2,2,0
816,0,2,2,2,2,0
817,0,2,2,2,2,0
818,0,2,2,2,2,0
819,0,2,2,2,2,0
820,0,2,2,2,2,0
821,0,2,2,2,2,0
822,0,2,2,2,2,0
823,0,2,2,2,2,0
824,0,2,2,2,2,0
825,0,2,2,2,2,0
826,0,2,2,2,2,0
827,0,2,2,2,2,0
828,0,2,2,2,2,0
829,0,2,2,2,2,0
830,0,2,2,2,2,0
831,0,2,2,2,2,0
832,0,2,2,2,2,0
833,0,2,2,2,2,0
834,0,2,2,2,2,0
835,0,2,2,2,2,0
836,0,2,2,2,2,0
837,0,2,2,2,2,0
838,0,2,2,2,2,0
839,0,2,2,2,2,0
840,0,2,2,2,2,0
841,0,2,2,2,2,0
842,0,2,2,2,2,0
843,0,2,2,2,2,0
844,0,2,2,2,2,0
845,0,2,2,2,2,0
846,0,2,2,2,2,0
847,0,2,2,2,2,0
848,0,2,2,2,2,0
849,0,2,2,2,2,0
850,0,2,2,2,2,0
851,0,2,2,2,2,0
852,0,2,2,2,2,0
853,0,2,2,2,2,0
854,0,2,2,2,2,0
855,0,2,2,2,2,0
856,0,2,2,2,2,0
857,0,2,2,2,2,0
858,0,2,2,2,2,0
859,0,2,2,2,2,0
860,0,2,2,2,2,0
861,0,2,2,2,2,0
862,0,2,2,2,2,0
863,0,2,2,2,2,0
864,0,2,2,2,2,0
865,0,2,2,2,2,0
866,0,2,2,2,2,0
867,0,2,2,2,2,0
868,0,2,2,2,2,0
869,0,2,2,2,2,0
870,0,2,2,2,2,0
871,0,2,2,2,2,0
872,0,2,2,2,2,0
873,0,2,2,2,2,0
874,0,2,2,2,2,0
875,0,2,2,2,2,0
876,0,2,2,2,2,0
877,0,2,2,2,2,0
878,0,2,2,2,2,0
879,0,2,2,2,2,0
880,0,2,2,2,2,0
881,0,2,2,2,2,0
882,0,2,2,2,2,0
883,0,2,2,2,2,0
884,0,2,2,2,2,0
885,0,2,2,2,2,0
886,0,2,2,2,2,0
887,0,2,2,2,2,0
888,0,2,2,2,2,0
889,0,2,2,2,2,0
890,0,2,2,2,2,0
891,0,2,2,2,2,0
892,0,2,2,2,2,0
893,0,2,2,2,2,0
894,0,2,2,2,2,0
895,0,2,2,2,2,0
896,0,2,2,2,2,0
897,0,2,2,2,2,0
898,0,2,2,2,2,0
899,0,2,2,2,2,0
900,0,2,2,2,2,0
901,0,2,2,2,2,0
902,0,2,2,2,2,0
903,0,2,2,2,2,0
904,0,2,2,2,2,0
905,0,2,2,2,2,0
906,0,2,2,2,2,0
907,0,2,2,2,2,0
908,0,2,2,2,2,0
909,0,2,2,2,2,0
910,0,2,2,2,2,0
911,0,2,2,2,2,0
912,0,2,2,2,2,0
913,0,2,2,2,2,0
914,0,2,2,2,2,0
915,0,2,2,2,2,0
916,0,2,2,2,2,0
917,2,2,0,0,0,2
918,0,2,2,2,2,0
919,0,2,2,2,2,0
920,0,2,2,2,2,0
921,0,2,2,2,2,0
922,0,2,2,2,2,0
923,0,2,2,2,2,0
924,0,2,2,2,2,0
925,0,2,2,2,2,0
926,0,2,2,2,2,0
927,0,2,2,2,2,0
928,0,2,2,2,2,0
929,0,2,2,2,2,0
930,0,2,2,2,2,0
931,0,2,2,2,2,0
932,0,2,2,2,2,0
933,0,2,2,2,2,0
934,0,2,2,2,2,0
935,0,2,2,2,2,0
936,0,2,2,2,2,0
937,0,2,2,2,2,0
938,0,2,2,2,2,0
939,0,2,2,2,2,0
940,0,2,2,2,2,0
941,0,2,2,2,2,0
942,0,2,2,2,2,0
943,0,2,2,2,2,0
944,0,2,2,2,2,0
945,0,2,2,2,2,0
946,0,2,2,2,2,0
947,0,2,2,2,2,0
948,0,2,2,2,2,0
949,0,2,2,2,2,0
950,0,2,2,2,2,0
951,0,2,2,2,2,0
952,0,2,2,2,2,0
953,0,2,2,2,2,0
954,0,2,2,2,2,0
955,0,2,2,2,2,0
956,0,2,2,2,2,0
957,0,2,2,2,2,0
958,0,2,2,2,2,0
959,0,2,2,2,2,0
960,0,2,2,2,2,0
961,0,2,2,2,2,0
962,0,2,2,2,2,0
963,0,2,2,2,2,0
964,0,2,2,2,2,0
965,0,2,2,2,2,0
966,0,2,2,2,2,0
967,0,2,2,2,2,0
968,0,2,2,2,2,0
969,0,2,2,2,2,0
970,0,2,2,2,2,0
971,0,2,2,2,2,0
972,0,2,2,2,2,0
973,0,2,2,2,2,0
974,0,2,2,2,2,0
975,0,2,2,2,2,0
976,0,2,2,2,2,0
977,0,2,2,2,2,0
978,0,2,2,2,2,0
979,0,2,2,2,2,0
980,0,2,2,2,2,0
981,0,2,2,2,2,0
982,0,2,2,2,2,0
983,0,2,2,2,2,0
984,0,2,2,2,2,0
985,0,2,2,2,2,0
986,0,2,2,2,2,0
987,0,2,2,2,2,0
988,0,2,2,2,2,0
989,0,2,2,2,2,0
990,0,2,2,2,2,0
991,0,2,1,2,0,1
992,0,2,2,2,2,0
993,0,2,2,2,2,0
994,0,2,2,2,2,0
995,0,2,2,2,2,0
996,0,2,2,2,2,0
997,0,2,2,2,2,0
998,0,2,2,2,2,0
999,0,2,2,2,2,0
1000,0,2,2,2,2,0
1001,0,2,2,2,2,0
1002,0,2,2,2,2,0
1003,0,2,2,2,2,0
1004,0,2,2,2,2,0
1005,0,2,2,2,2,0
1006,0,2,2,2,2,0
1007,0,2,2,2,2,0
1008,0,2,2,2,2,0
1009,0,2,2,2,2,0
1010,0,2,2,2,2,0
1011,0,2,2,2,2,0
1012,0,2,2,2,2,0
1013,0,2,2,2,2,0
1014,0,2,2,2,2,0
1015,0,2,2,2,2,0
1016,0,2,2,2,2,0
1017,0,2,2,2,2,0
1018,0,2,2,2,2,0
1019,0,2,2,2,2,0
1020,0,2,2,2,2,0
1021,0,2,2,2,2,0
1022,0,2,2,2,2,0
1023,0,2,2,2,2,0
1024,0,2,2,2,2,0
1025,0,2,2,2,2,0
1026,0,2,2,2,2,0
1027,0,2,2,2,2,0
1028,0,2,2,2,2,0
1029,0,2,2,2,2,0
1030,0,2,2,2,2,0
1031,0,2,2,2,2,0
1032,0,2,2,2,2,0
1033,0,2,2,2,2,0
1034,0,2,2,2,2,0
1035,0,2,2,2,2,0
1036,0,2,2,2,2,0
1037,0,2,2,2,2,0
1038,0,2,2,2,2,0
1039,0,2,2,2,2,0
1040,0,2,2,2,2,0
1041,0,2,2,2,2,0
1042,0,2,2,2,2,0
1043,0,2,2,2,2,0
1044,0,2,2,2,2,0
1045,0,2,2,2,2,0
1046,0,2,2,2,2,0
1047,0,2,2,2,2,0
1048,0,2,2,2,2,0
1049,0,2,2,2,2,0
1050,0,2,2,2,2,0
1051,0,2,2,2,2,0
1052,0,2,2,2,2,0
1053,0,2,2,2,2,0
1054,0,2,2,2,2,0
1055,0,2,2,2,2,0
1056,0,2,2,2,2,0
1057,0,2,2,2,2,0
1058,0,2,2,2,2,0
1059,0,2,2,2,2,0
1060,0,2,2,2,2,0
1061,0,2,2,2,2,0
1062,0,2,2,2,2,0
1063,0,2,2,2,2,0
1064,0,2,2,2,2,0
1065,0,2,2,2,2,0
1066,0,2,2,2,2,0
1067,0,2,2,2,2,0
1068,0,2,2,2,2,0
1069,0,2,2,2,2,0
1070,0,2,2,2,2,0
1071,0,2,2,2,2,0
1072,0,2,2,2,2,0
1073,0,2,2,2,2,0
1074,0,2,2,2,2,0
1075,0,2,2,2,2,0
1076,0,2,2,2,2,0
1077,0,2,2,2,2,0
1078,0,2,2,2,2,0
1079,0,2,2,2,2,0
1080,0,2,2,2,2,0
1081,0,2,2,2,2,0
1082,0,2,2,2,2,0
1083,0,2,2,2,2,0
1084,0,2,2,2,2,0
1085,0,2,2,2,2,0
1086,0,2,2,2,2,0
1087,0,2,2,2,2,0
1088,0,2,2,2,2,0
1089,0,2,2,2,2,0
1090,0,2,2,2,2,0
1091,0,2,2,2,2,0
1092,0,2,2,2,2,0
1093,0,2,2,2,2,0
1094,0,2,2,2,2,0
1095,0,2,2,2,2,0
1096,0,2,2,2,2,0
1097,0,2,2,2,2,0
1098,0,2,2,2,2,0
1099,0,2,2,2,2,0
1100,0,2,2,2,2,0
1101,0,2,2,2,2,0
1102,0,2,2,2,2,0
1103,0,2,2,2,2,0
1104,0,2,2,2,2,0
1105,0,2,2,2,2,0
1106,0,2,2,2,2,0
1107,0,2,2,2,2,0
1108,0,2,2,2,2,0
1109,0,2,2,2,2,0
1110,0,2,2,2,2,0
1111,0,2,2,2,2,0
1112,0,2,2,2,2,0
1113,0,2,2,2,2,0
1114,0,2,2,2,2,0
1115,0,2,2,2,2,0
1116,0,2,2,2,2,0
1117,0,2,2,2,2,0
1118,0,2,2,2,2,0
1119,0,2,2,2,2,0
1120,0,2,2,2,2,0
1121,0,2,2,2,2,0
1122,0,2,2,2,2,0
1123,0,2,2,2,2,0
1124,0,2,2,2,2,0
1125,0,2,2,2,2,0
1126,0,2,2,2,2,0
1127,0,2,2,2,2,0
1128,0,2,2,2,2,0
1129,0,2,2,2,2,0
1130,0,2,2,2,2,0
1131,0,2,2,2,2,0
1132,0,2,2,2,2,0
1133,0,2,2,2,2,0
1134,0,2,2,2,2,0
1135,0,2,2,2,2,0
1136,0,2,2,2,2,0
1137,0,2,2,2,2,0
1138,0,2,2,2,2,0
1139,0,2,2,2,2,0
1140,0,2,2,2,2,0
1141,0,2,2,2,2,0
1142,0,2,2,2,2,0
1143,0,2,2,2,2,0
1144,0,2,2,2,2,0
1145,0,2,2,2,2,0
1146,0,2,2,2,2,0
1147,0,2,2,2,2,0
1148,0,2,2,2,2,0
1149,0,2,2,2,2,0
1150,0,2,2,2,2,0
1151,0,2,2,2,2,0
1152,0,2,2,2,2,0
1153,0,2,2,2,2,0
1154,0,2,2,2,2,0
1155,0,2,2,2,2,0
1156,0,2,2,2,2,0
1157,0,2,2,2,2,0
1158,0,2,2,2,2,0
1159,0,2,2,2,2,0
1160,0,2,2,2,2,0
1161,0,2,2,2,2,0
1162,0,2,2,2,2,0
1163,0,2,2,2,2,0
1164,0,2,2,2,2,0
1165,0,2,2,2,2,0
1166,0,2,2,2,2,0
1167,0,2,2,2,2,0
1168,0,2,2,2,2,0
1169,0,2,2,2,2,0
1170,0,2,2,2,2,0
1171,1,1,0,1,2,2
1172,0,2,2,2,2,0
1173,0,2,2,2,2,0
1174,0,2,2,2,2,0
1175,0,2,2,2,2,0
1176,0,2,2,2,2,0
1177,0,2,2,2,2,0
1178,0,2,2,2,2,0
1179,0,2,2,2,2,0
1180,0,2,2,2,2,0
1181,0,2,2,2,2,0
1182,0,2,2,2,2,0
1183,0,2,2,2,2,0
1184,0,2,2,2,2,0
1185,0,2,2,2,2,0
1186,0,2,2,2,2,0
1187,0,2,2,2,2,0
1188,0,2,2,2,2,0
1189,0,2,2,2,2,0
1190,0,2,2,2,2,0
1191,0,2,2,2,2,0
1192,0,2,2,2,2,0
1193,0,2,2,2,2,0
1194,0,2,2,2,2,0
1195,0,2,2,2,2,0
1196,0,2,2,2,2,0
1197,0,2,2,2,2,0
1198,0,2,2,2,2,0
1199,2,1,2,0,1,0
1200,2,2,2,0,2,2
1201,2,2,2,0,2,2
1202,2,2,2,0,2,2
1203,2,2,2,0,2,2
1204,2,2,2,0,2,2
1205,2,2,2,0,2,2
1206,2,2,2,0,2,2
1207,2,2,2,0,2,2
1208,2,2,2,0,2,2
1209,2,2,2,0,2,2
1210,2,2,2,0,2,2
1211,2,2,2,0,2,2
1212,2,2,2,0,2,2
1213,2,2,2,0,2,2
1214,2,2,2,0,2,2
1215,2,2,2,0,2,2
1216,2,2,2,0,2,2
1217,2,2,2,0,2,2
1218,2,2,2,0,2,2
1219,2,2,2,0,2,2
1220,2,2,2,0,2,2
1221,2,2,2,0,2,2
1222,2,2,2,0,2,2
1223,2,2,2,0,2,2
1224,2,2,2,0,2,2
1225,2,2,2,0,2,2
1226,2,2,2,0,2,2
1227,2,2,2,0,2,2
1228,2,2,2,0,2,2
1229,2,2,2,0,2,2
1230,2,2,2,0,2,2
1231,0,2,2,2,2,0
1232,0,2,2,2,2,0
1233,0,2,2,2,2,0
1234,1,0,0,1,1,1
1235,0,2,2,2,2,0
1236,0,2,2,2,2,0
1237,0,2,2,2,2,0
1238,0,2,2,2,2,0
1239,0,2,2,2,2,0
1240,0,2,2,2,2,0
1241,0,2,2,2,2,0
1242,0,2,2,2,2,0
1243,0,2,2,2,2,0
1244,0,2,2,2,2,0
1245,0,2,2,2,2,0
1246,0,2,2,2,2,0
1247,0,2,2,2,2,0
1248,0,2,2,2,2,0
1249,0,2,2,2,2,0
1250,0,2,2,2,2,0
1251,0,2,2,2,2,0
1252,0,2,2,2,2,0
1253,0,2,2,2,2,0
1254,0,2,2,2,2,0
1255,0,2,2,2,2,0
